"GEO_ID","NAME","DATE_CODE","DATE_DESC","POP",
"Geography","Geographic Area Name","Estimate Date","Date Description","Population",
"0400000US06","California","1","4/1/2010 Census population","37253956",
"0400000US06","California","2","4/1/2010 population estimates base","37254519",
"0400000US06","California","3","7/1/2010 population estimate","37319502",
"0400000US06","California","4","7/1/2011 population estimate","37638369",
"0400000US06","California","5","7/1/2012 population estimate","37948800",
"0400000US06","California","6","7/1/2013 population estimate","38260787",
"0400000US06","California","7","7/1/2014 population estimate","38596972",
"0400000US06","California","8","7/1/2015 population estimate","38918045",
"0400000US06","California","9","7/1/2016 population estimate","39167117",
"0400000US06","California","10","7/1/2017 population estimate","39358497",
"0400000US06","California","11","7/1/2018 population estimate","39461588",
"0400000US06","California","12","7/1/2019 population estimate","39512223",
"0500000US06001","Alameda County, California","1","4/1/2010 Census population","1510271",
"0500000US06001","Alameda County, California","2","4/1/2010 population estimates base","1510258",
"0500000US06001","Alameda County, California","3","7/1/2010 population estimate","1512986",
"0500000US06001","Alameda County, California","4","7/1/2011 population estimate","1530915",
"0500000US06001","Alameda County, California","5","7/1/2012 population estimate","1553764",
"0500000US06001","Alameda County, California","6","7/1/2013 population estimate","1579593",
"0500000US06001","Alameda County, California","7","7/1/2014 population estimate","1607792",
"0500000US06001","Alameda County, California","8","7/1/2015 population estimate","1634538",
"0500000US06001","Alameda County, California","9","7/1/2016 population estimate","1650950",
"0500000US06001","Alameda County, California","10","7/1/2017 population estimate","1660196",
"0500000US06001","Alameda County, California","11","7/1/2018 population estimate","1666756",
"0500000US06001","Alameda County, California","12","7/1/2019 population estimate","1671329",
"0500000US06003","Alpine County, California","1","4/1/2010 Census population","1175",
"0500000US06003","Alpine County, California","2","4/1/2010 population estimates base","1175",
"0500000US06003","Alpine County, California","3","7/1/2010 population estimate","1161",
"0500000US06003","Alpine County, California","4","7/1/2011 population estimate","1093",
"0500000US06003","Alpine County, California","5","7/1/2012 population estimate","1110",
"0500000US06003","Alpine County, California","6","7/1/2013 population estimate","1128",
"0500000US06003","Alpine County, California","7","7/1/2014 population estimate","1080",
"0500000US06003","Alpine County, California","8","7/1/2015 population estimate","1077",
"0500000US06003","Alpine County, California","9","7/1/2016 population estimate","1047",
"0500000US06003","Alpine County, California","10","7/1/2017 population estimate","1111",
"0500000US06003","Alpine County, California","11","7/1/2018 population estimate","1089",
"0500000US06003","Alpine County, California","12","7/1/2019 population estimate","1129",
"0500000US06005","Amador County, California","1","4/1/2010 Census population","38091",
"0500000US06005","Amador County, California","2","4/1/2010 population estimates base","38091",
"0500000US06005","Amador County, California","3","7/1/2010 population estimate","37886",
"0500000US06005","Amador County, California","4","7/1/2011 population estimate","37543",
"0500000US06005","Amador County, California","5","7/1/2012 population estimate","37104",
"0500000US06005","Amador County, California","6","7/1/2013 population estimate","36620",
"0500000US06005","Amador County, California","7","7/1/2014 population estimate","36726",
"0500000US06005","Amador County, California","8","7/1/2015 population estimate","37031",
"0500000US06005","Amador County, California","9","7/1/2016 population estimate","37429",
"0500000US06005","Amador County, California","10","7/1/2017 population estimate","38529",
"0500000US06005","Amador County, California","11","7/1/2018 population estimate","39405",
"0500000US06005","Amador County, California","12","7/1/2019 population estimate","39752",
"0500000US06007","Butte County, California","1","4/1/2010 Census population","220000",
"0500000US06007","Butte County, California","2","4/1/2010 population estimates base","220005",
"0500000US06007","Butte County, California","3","7/1/2010 population estimate","219949",
"0500000US06007","Butte County, California","4","7/1/2011 population estimate","219975",
"0500000US06007","Butte County, California","5","7/1/2012 population estimate","220869",
"0500000US06007","Butte County, California","6","7/1/2013 population estimate","221641",
"0500000US06007","Butte County, California","7","7/1/2014 population estimate","223516",
"0500000US06007","Butte County, California","8","7/1/2015 population estimate","224631",
"0500000US06007","Butte County, California","9","7/1/2016 population estimate","226231",
"0500000US06007","Butte County, California","10","7/1/2017 population estimate","228696",
"0500000US06007","Butte County, California","11","7/1/2018 population estimate","230339",
"0500000US06007","Butte County, California","12","7/1/2019 population estimate","219186",
"0500000US06009","Calaveras County, California","1","4/1/2010 Census population","45578",
"0500000US06009","Calaveras County, California","2","4/1/2010 population estimates base","45578",
"0500000US06009","Calaveras County, California","3","7/1/2010 population estimate","45468",
"0500000US06009","Calaveras County, California","4","7/1/2011 population estimate","45160",
"0500000US06009","Calaveras County, California","5","7/1/2012 population estimate","44815",
"0500000US06009","Calaveras County, California","6","7/1/2013 population estimate","44655",
"0500000US06009","Calaveras County, California","7","7/1/2014 population estimate","44671",
"0500000US06009","Calaveras County, California","8","7/1/2015 population estimate","44965",
"0500000US06009","Calaveras County, California","9","7/1/2016 population estimate","45322",
"0500000US06009","Calaveras County, California","10","7/1/2017 population estimate","45681",
"0500000US06009","Calaveras County, California","11","7/1/2018 population estimate","45698",
"0500000US06009","Calaveras County, California","12","7/1/2019 population estimate","45905",
"0500000US06011","Colusa County, California","1","4/1/2010 Census population","21419",
"0500000US06011","Colusa County, California","2","4/1/2010 population estimates base","21407",
"0500000US06011","Colusa County, California","3","7/1/2010 population estimate","21437",
"0500000US06011","Colusa County, California","4","7/1/2011 population estimate","21323",
"0500000US06011","Colusa County, California","5","7/1/2012 population estimate","21284",
"0500000US06011","Colusa County, California","6","7/1/2013 population estimate","21250",
"0500000US06011","Colusa County, California","7","7/1/2014 population estimate","21176",
"0500000US06011","Colusa County, California","8","7/1/2015 population estimate","21231",
"0500000US06011","Colusa County, California","9","7/1/2016 population estimate","21496",
"0500000US06011","Colusa County, California","10","7/1/2017 population estimate","21579",
"0500000US06011","Colusa County, California","11","7/1/2018 population estimate","21418",
"0500000US06011","Colusa County, California","12","7/1/2019 population estimate","21547",
"0500000US06013","Contra Costa County, California","1","4/1/2010 Census population","1049025",
"0500000US06013","Contra Costa County, California","2","4/1/2010 population estimates base","1049204",
"0500000US06013","Contra Costa County, California","3","7/1/2010 population estimate","1052540",
"0500000US06013","Contra Costa County, California","4","7/1/2011 population estimate","1065440",
"0500000US06013","Contra Costa County, California","5","7/1/2012 population estimate","1077548",
"0500000US06013","Contra Costa County, California","6","7/1/2013 population estimate","1093401",
"0500000US06013","Contra Costa County, California","7","7/1/2014 population estimate","1108876",
"0500000US06013","Contra Costa County, California","8","7/1/2015 population estimate","1124405",
"0500000US06013","Contra Costa County, California","9","7/1/2016 population estimate","1137268",
"0500000US06013","Contra Costa County, California","10","7/1/2017 population estimate","1145535",
"0500000US06013","Contra Costa County, California","11","7/1/2018 population estimate","1150519",
"0500000US06013","Contra Costa County, California","12","7/1/2019 population estimate","1153526",
"0500000US06015","Del Norte County, California","1","4/1/2010 Census population","28610",
"0500000US06015","Del Norte County, California","2","4/1/2010 population estimates base","28610",
"0500000US06015","Del Norte County, California","3","7/1/2010 population estimate","28566",
"0500000US06015","Del Norte County, California","4","7/1/2011 population estimate","28443",
"0500000US06015","Del Norte County, California","5","7/1/2012 population estimate","28190",
"0500000US06015","Del Norte County, California","6","7/1/2013 population estimate","27816",
"0500000US06015","Del Norte County, California","7","7/1/2014 population estimate","27175",
"0500000US06015","Del Norte County, California","8","7/1/2015 population estimate","27190",
"0500000US06015","Del Norte County, California","9","7/1/2016 population estimate","27382",
"0500000US06015","Del Norte County, California","10","7/1/2017 population estimate","27351",
"0500000US06015","Del Norte County, California","11","7/1/2018 population estimate","27740",
"0500000US06015","Del Norte County, California","12","7/1/2019 population estimate","27812",
"0500000US06017","El Dorado County, California","1","4/1/2010 Census population","181058",
"0500000US06017","El Dorado County, California","2","4/1/2010 population estimates base","181058",
"0500000US06017","El Dorado County, California","3","7/1/2010 population estimate","181136",
"0500000US06017","El Dorado County, California","4","7/1/2011 population estimate","180936",
"0500000US06017","El Dorado County, California","5","7/1/2012 population estimate","180575",
"0500000US06017","El Dorado County, California","6","7/1/2013 population estimate","181481",
"0500000US06017","El Dorado County, California","7","7/1/2014 population estimate","183108",
"0500000US06017","El Dorado County, California","8","7/1/2015 population estimate","184569",
"0500000US06017","El Dorado County, California","9","7/1/2016 population estimate","185976",
"0500000US06017","El Dorado County, California","10","7/1/2017 population estimate","188679",
"0500000US06017","El Dorado County, California","11","7/1/2018 population estimate","190746",
"0500000US06017","El Dorado County, California","12","7/1/2019 population estimate","192843",
"0500000US06019","Fresno County, California","1","4/1/2010 Census population","930450",
"0500000US06019","Fresno County, California","2","4/1/2010 population estimates base","930507",
"0500000US06019","Fresno County, California","3","7/1/2010 population estimate","932039",
"0500000US06019","Fresno County, California","4","7/1/2011 population estimate","939406",
"0500000US06019","Fresno County, California","5","7/1/2012 population estimate","945045",
"0500000US06019","Fresno County, California","6","7/1/2013 population estimate","951514",
"0500000US06019","Fresno County, California","7","7/1/2014 population estimate","960567",
"0500000US06019","Fresno County, California","8","7/1/2015 population estimate","969488",
"0500000US06019","Fresno County, California","9","7/1/2016 population estimate","976830",
"0500000US06019","Fresno County, California","10","7/1/2017 population estimate","985238",
"0500000US06019","Fresno County, California","11","7/1/2018 population estimate","991950",
"0500000US06019","Fresno County, California","12","7/1/2019 population estimate","999101",
"0500000US06021","Glenn County, California","1","4/1/2010 Census population","28122",
"0500000US06021","Glenn County, California","2","4/1/2010 population estimates base","28122",
"0500000US06021","Glenn County, California","3","7/1/2010 population estimate","28127",
"0500000US06021","Glenn County, California","4","7/1/2011 population estimate","28139",
"0500000US06021","Glenn County, California","5","7/1/2012 population estimate","27851",
"0500000US06021","Glenn County, California","6","7/1/2013 population estimate","27809",
"0500000US06021","Glenn County, California","7","7/1/2014 population estimate","27831",
"0500000US06021","Glenn County, California","8","7/1/2015 population estimate","27753",
"0500000US06021","Glenn County, California","9","7/1/2016 population estimate","27840",
"0500000US06021","Glenn County, California","10","7/1/2017 population estimate","27926",
"0500000US06021","Glenn County, California","11","7/1/2018 population estimate","27967",
"0500000US06021","Glenn County, California","12","7/1/2019 population estimate","28393",
"0500000US06023","Humboldt County, California","1","4/1/2010 Census population","134623",
"0500000US06023","Humboldt County, California","2","4/1/2010 population estimates base","134611",
"0500000US06023","Humboldt County, California","3","7/1/2010 population estimate","135009",
"0500000US06023","Humboldt County, California","4","7/1/2011 population estimate","135243",
"0500000US06023","Humboldt County, California","5","7/1/2012 population estimate","134572",
"0500000US06023","Humboldt County, California","6","7/1/2013 population estimate","134403",
"0500000US06023","Humboldt County, California","7","7/1/2014 population estimate","134494",
"0500000US06023","Humboldt County, California","8","7/1/2015 population estimate","135102",
"0500000US06023","Humboldt County, California","9","7/1/2016 population estimate","136290",
"0500000US06023","Humboldt County, California","10","7/1/2017 population estimate","136507",
"0500000US06023","Humboldt County, California","11","7/1/2018 population estimate","136244",
"0500000US06023","Humboldt County, California","12","7/1/2019 population estimate","135558",
"0500000US06025","Imperial County, California","1","4/1/2010 Census population","174528",
"0500000US06025","Imperial County, California","2","4/1/2010 population estimates base","174524",
"0500000US06025","Imperial County, California","3","7/1/2010 population estimate","174716",
"0500000US06025","Imperial County, California","4","7/1/2011 population estimate","175786",
"0500000US06025","Imperial County, California","5","7/1/2012 population estimate","176575",
"0500000US06025","Imperial County, California","6","7/1/2013 population estimate","176438",
"0500000US06025","Imperial County, California","7","7/1/2014 population estimate","177974",
"0500000US06025","Imperial County, California","8","7/1/2015 population estimate","178937",
"0500000US06025","Imperial County, California","9","7/1/2016 population estimate","180179",
"0500000US06025","Imperial County, California","10","7/1/2017 population estimate","181649",
"0500000US06025","Imperial County, California","11","7/1/2018 population estimate","181523",
"0500000US06025","Imperial County, California","12","7/1/2019 population estimate","181215",
"0500000US06027","Inyo County, California","1","4/1/2010 Census population","18546",
"0500000US06027","Inyo County, California","2","4/1/2010 population estimates base","18542",
"0500000US06027","Inyo County, California","3","7/1/2010 population estimate","18511",
"0500000US06027","Inyo County, California","4","7/1/2011 population estimate","18392",
"0500000US06027","Inyo County, California","5","7/1/2012 population estimate","18351",
"0500000US06027","Inyo County, California","6","7/1/2013 population estimate","18357",
"0500000US06027","Inyo County, California","7","7/1/2014 population estimate","18292",
"0500000US06027","Inyo County, California","8","7/1/2015 population estimate","18108",
"0500000US06027","Inyo County, California","9","7/1/2016 population estimate","17922",
"0500000US06027","Inyo County, California","10","7/1/2017 population estimate","17868",
"0500000US06027","Inyo County, California","11","7/1/2018 population estimate","17946",
"0500000US06027","Inyo County, California","12","7/1/2019 population estimate","18039",
"0500000US06029","Kern County, California","1","4/1/2010 Census population","839631",
"0500000US06029","Kern County, California","2","4/1/2010 population estimates base","839621",
"0500000US06029","Kern County, California","3","7/1/2010 population estimate","840996",
"0500000US06029","Kern County, California","4","7/1/2011 population estimate","847970",
"0500000US06029","Kern County, California","5","7/1/2012 population estimate","853606",
"0500000US06029","Kern County, California","6","7/1/2013 population estimate","862000",
"0500000US06029","Kern County, California","7","7/1/2014 population estimate","869176",
"0500000US06029","Kern County, California","8","7/1/2015 population estimate","876031",
"0500000US06029","Kern County, California","9","7/1/2016 population estimate","880856",
"0500000US06029","Kern County, California","10","7/1/2017 population estimate","887356",
"0500000US06029","Kern County, California","11","7/1/2018 population estimate","893758",
"0500000US06029","Kern County, California","12","7/1/2019 population estimate","900202",
"0500000US06031","Kings County, California","1","4/1/2010 Census population","152982",
"0500000US06031","Kings County, California","2","4/1/2010 population estimates base","152974",
"0500000US06031","Kings County, California","3","7/1/2010 population estimate","152370",
"0500000US06031","Kings County, California","4","7/1/2011 population estimate","151868",
"0500000US06031","Kings County, California","5","7/1/2012 population estimate","150991",
"0500000US06031","Kings County, California","6","7/1/2013 population estimate","150337",
"0500000US06031","Kings County, California","7","7/1/2014 population estimate","149495",
"0500000US06031","Kings County, California","8","7/1/2015 population estimate","150085",
"0500000US06031","Kings County, California","9","7/1/2016 population estimate","149382",
"0500000US06031","Kings County, California","10","7/1/2017 population estimate","149665",
"0500000US06031","Kings County, California","11","7/1/2018 population estimate","151382",
"0500000US06031","Kings County, California","12","7/1/2019 population estimate","152940",
"0500000US06033","Lake County, California","1","4/1/2010 Census population","64665",
"0500000US06033","Lake County, California","2","4/1/2010 population estimates base","64662",
"0500000US06033","Lake County, California","3","7/1/2010 population estimate","64735",
"0500000US06033","Lake County, California","4","7/1/2011 population estimate","64251",
"0500000US06033","Lake County, California","5","7/1/2012 population estimate","63954",
"0500000US06033","Lake County, California","6","7/1/2013 population estimate","63796",
"0500000US06033","Lake County, California","7","7/1/2014 population estimate","64044",
"0500000US06033","Lake County, California","8","7/1/2015 population estimate","64260",
"0500000US06033","Lake County, California","9","7/1/2016 population estimate","63903",
"0500000US06033","Lake County, California","10","7/1/2017 population estimate","64111",
"0500000US06033","Lake County, California","11","7/1/2018 population estimate","64317",
"0500000US06033","Lake County, California","12","7/1/2019 population estimate","64386",
"0500000US06035","Lassen County, California","1","4/1/2010 Census population","34895",
"0500000US06035","Lassen County, California","2","4/1/2010 population estimates base","34895",
"0500000US06035","Lassen County, California","3","7/1/2010 population estimate","34831",
"0500000US06035","Lassen County, California","4","7/1/2011 population estimate","34246",
"0500000US06035","Lassen County, California","5","7/1/2012 population estimate","33629",
"0500000US06035","Lassen County, California","6","7/1/2013 population estimate","32129",
"0500000US06035","Lassen County, California","7","7/1/2014 population estimate","31664",
"0500000US06035","Lassen County, California","8","7/1/2015 population estimate","31256",
"0500000US06035","Lassen County, California","9","7/1/2016 population estimate","30721",
"0500000US06035","Lassen County, California","10","7/1/2017 population estimate","30920",
"0500000US06035","Lassen County, California","11","7/1/2018 population estimate","30618",
"0500000US06035","Lassen County, California","12","7/1/2019 population estimate","30573",
"0500000US06037","Los Angeles County, California","1","4/1/2010 Census population","9818605",
"0500000US06037","Los Angeles County, California","2","4/1/2010 population estimates base","9819968",
"0500000US06037","Los Angeles County, California","3","7/1/2010 population estimate","9823246",
"0500000US06037","Los Angeles County, California","4","7/1/2011 population estimate","9876482",
"0500000US06037","Los Angeles County, California","5","7/1/2012 population estimate","9935375",
"0500000US06037","Los Angeles County, California","6","7/1/2013 population estimate","9992484",
"0500000US06037","Los Angeles County, California","7","7/1/2014 population estimate","10040072",
"0500000US06037","Los Angeles County, California","8","7/1/2015 population estimate","10085416",
"0500000US06037","Los Angeles County, California","9","7/1/2016 population estimate","10105708",
"0500000US06037","Los Angeles County, California","10","7/1/2017 population estimate","10103711",
"0500000US06037","Los Angeles County, California","11","7/1/2018 population estimate","10073906",
"0500000US06037","Los Angeles County, California","12","7/1/2019 population estimate","10039107",
"0500000US06039","Madera County, California","1","4/1/2010 Census population","150865",
"0500000US06039","Madera County, California","2","4/1/2010 population estimates base","150834",
"0500000US06039","Madera County, California","3","7/1/2010 population estimate","150986",
"0500000US06039","Madera County, California","4","7/1/2011 population estimate","151675",
"0500000US06039","Madera County, California","5","7/1/2012 population estimate","151527",
"0500000US06039","Madera County, California","6","7/1/2013 population estimate","151370",
"0500000US06039","Madera County, California","7","7/1/2014 population estimate","153456",
"0500000US06039","Madera County, California","8","7/1/2015 population estimate","153576",
"0500000US06039","Madera County, California","9","7/1/2016 population estimate","153956",
"0500000US06039","Madera County, California","10","7/1/2017 population estimate","155423",
"0500000US06039","Madera County, California","11","7/1/2018 population estimate","156882",
"0500000US06039","Madera County, California","12","7/1/2019 population estimate","157327",
"0500000US06041","Marin County, California","1","4/1/2010 Census population","252409",
"0500000US06041","Marin County, California","2","4/1/2010 population estimates base","252430",
"0500000US06041","Marin County, California","3","7/1/2010 population estimate","252904",
"0500000US06041","Marin County, California","4","7/1/2011 population estimate","255376",
"0500000US06041","Marin County, California","5","7/1/2012 population estimate","256061",
"0500000US06041","Marin County, California","6","7/1/2013 population estimate","258409",
"0500000US06041","Marin County, California","7","7/1/2014 population estimate","260359",
"0500000US06041","Marin County, California","8","7/1/2015 population estimate","260916",
"0500000US06041","Marin County, California","9","7/1/2016 population estimate","260562",
"0500000US06041","Marin County, California","10","7/1/2017 population estimate","259749",
"0500000US06041","Marin County, California","11","7/1/2018 population estimate","259662",
"0500000US06041","Marin County, California","12","7/1/2019 population estimate","258826",
"0500000US06043","Mariposa County, California","1","4/1/2010 Census population","18251",
"0500000US06043","Mariposa County, California","2","4/1/2010 population estimates base","18247",
"0500000US06043","Mariposa County, California","3","7/1/2010 population estimate","18277",
"0500000US06043","Mariposa County, California","4","7/1/2011 population estimate","18170",
"0500000US06043","Mariposa County, California","5","7/1/2012 population estimate","17881",
"0500000US06043","Mariposa County, California","6","7/1/2013 population estimate","17809",
"0500000US06043","Mariposa County, California","7","7/1/2014 population estimate","17714",
"0500000US06043","Mariposa County, California","8","7/1/2015 population estimate","17622",
"0500000US06043","Mariposa County, California","9","7/1/2016 population estimate","17456",
"0500000US06043","Mariposa County, California","10","7/1/2017 population estimate","17414",
"0500000US06043","Mariposa County, California","11","7/1/2018 population estimate","17405",
"0500000US06043","Mariposa County, California","12","7/1/2019 population estimate","17203",
"0500000US06045","Mendocino County, California","1","4/1/2010 Census population","87841",
"0500000US06045","Mendocino County, California","2","4/1/2010 population estimates base","87850",
"0500000US06045","Mendocino County, California","3","7/1/2010 population estimate","87799",
"0500000US06045","Mendocino County, California","4","7/1/2011 population estimate","87334",
"0500000US06045","Mendocino County, California","5","7/1/2012 population estimate","87288",
"0500000US06045","Mendocino County, California","6","7/1/2013 population estimate","87054",
"0500000US06045","Mendocino County, California","7","7/1/2014 population estimate","87225",
"0500000US06045","Mendocino County, California","8","7/1/2015 population estimate","87107",
"0500000US06045","Mendocino County, California","9","7/1/2016 population estimate","87285",
"0500000US06045","Mendocino County, California","10","7/1/2017 population estimate","87576",
"0500000US06045","Mendocino County, California","11","7/1/2018 population estimate","87401",
"0500000US06045","Mendocino County, California","12","7/1/2019 population estimate","86749",
"0500000US06047","Merced County, California","1","4/1/2010 Census population","255793",
"0500000US06047","Merced County, California","2","4/1/2010 population estimates base","255796",
"0500000US06047","Merced County, California","3","7/1/2010 population estimate","256721",
"0500000US06047","Merced County, California","4","7/1/2011 population estimate","259297",
"0500000US06047","Merced County, California","5","7/1/2012 population estimate","260867",
"0500000US06047","Merced County, California","6","7/1/2013 population estimate","262026",
"0500000US06047","Merced County, California","7","7/1/2014 population estimate","264419",
"0500000US06047","Merced County, California","8","7/1/2015 population estimate","266353",
"0500000US06047","Merced County, California","9","7/1/2016 population estimate","267628",
"0500000US06047","Merced County, California","10","7/1/2017 population estimate","271096",
"0500000US06047","Merced County, California","11","7/1/2018 population estimate","274151",
"0500000US06047","Merced County, California","12","7/1/2019 population estimate","277680",
"0500000US06049","Modoc County, California","1","4/1/2010 Census population","9686",
"0500000US06049","Modoc County, California","2","4/1/2010 population estimates base","9682",
"0500000US06049","Modoc County, California","3","7/1/2010 population estimate","9694",
"0500000US06049","Modoc County, California","4","7/1/2011 population estimate","9509",
"0500000US06049","Modoc County, California","5","7/1/2012 population estimate","9351",
"0500000US06049","Modoc County, California","6","7/1/2013 population estimate","9145",
"0500000US06049","Modoc County, California","7","7/1/2014 population estimate","9068",
"0500000US06049","Modoc County, California","8","7/1/2015 population estimate","9056",
"0500000US06049","Modoc County, California","9","7/1/2016 population estimate","8961",
"0500000US06049","Modoc County, California","10","7/1/2017 population estimate","8876",
"0500000US06049","Modoc County, California","11","7/1/2018 population estimate","8800",
"0500000US06049","Modoc County, California","12","7/1/2019 population estimate","8841",
"0500000US06051","Mono County, California","1","4/1/2010 Census population","14202",
"0500000US06051","Mono County, California","2","4/1/2010 population estimates base","14206",
"0500000US06051","Mono County, California","3","7/1/2010 population estimate","14257",
"0500000US06051","Mono County, California","4","7/1/2011 population estimate","14422",
"0500000US06051","Mono County, California","5","7/1/2012 population estimate","14331",
"0500000US06051","Mono County, California","6","7/1/2013 population estimate","14067",
"0500000US06051","Mono County, California","7","7/1/2014 population estimate","14134",
"0500000US06051","Mono County, California","8","7/1/2015 population estimate","14077",
"0500000US06051","Mono County, California","9","7/1/2016 population estimate","14273",
"0500000US06051","Mono County, California","10","7/1/2017 population estimate","14354",
"0500000US06051","Mono County, California","11","7/1/2018 population estimate","14403",
"0500000US06051","Mono County, California","12","7/1/2019 population estimate","14444",
"0500000US06053","Monterey County, California","1","4/1/2010 Census population","415057",
"0500000US06053","Monterey County, California","2","4/1/2010 population estimates base","415059",
"0500000US06053","Monterey County, California","3","7/1/2010 population estimate","416373",
"0500000US06053","Monterey County, California","4","7/1/2011 population estimate","420456",
"0500000US06053","Monterey County, California","5","7/1/2012 population estimate","424788",
"0500000US06053","Monterey County, California","6","7/1/2013 population estimate","426712",
"0500000US06053","Monterey County, California","7","7/1/2014 population estimate","428475",
"0500000US06053","Monterey County, California","8","7/1/2015 population estimate","430552",
"0500000US06053","Monterey County, California","9","7/1/2016 population estimate","433953",
"0500000US06053","Monterey County, California","10","7/1/2017 population estimate","434534",
"0500000US06053","Monterey County, California","11","7/1/2018 population estimate","433950",
"0500000US06053","Monterey County, California","12","7/1/2019 population estimate","434061",
"0500000US06055","Napa County, California","1","4/1/2010 Census population","136484",
"0500000US06055","Napa County, California","2","4/1/2010 population estimates base","136535",
"0500000US06055","Napa County, California","3","7/1/2010 population estimate","136759",
"0500000US06055","Napa County, California","4","7/1/2011 population estimate","137691",
"0500000US06055","Napa County, California","5","7/1/2012 population estimate","138538",
"0500000US06055","Napa County, California","6","7/1/2013 population estimate","139580",
"0500000US06055","Napa County, California","7","7/1/2014 population estimate","140405",
"0500000US06055","Napa County, California","8","7/1/2015 population estimate","140862",
"0500000US06055","Napa County, California","9","7/1/2016 population estimate","140840",
"0500000US06055","Napa County, California","10","7/1/2017 population estimate","139878",
"0500000US06055","Napa County, California","11","7/1/2018 population estimate","138789",
"0500000US06055","Napa County, California","12","7/1/2019 population estimate","137744",
"0500000US06057","Nevada County, California","1","4/1/2010 Census population","98764",
"0500000US06057","Nevada County, California","2","4/1/2010 population estimates base","98747",
"0500000US06057","Nevada County, California","3","7/1/2010 population estimate","98790",
"0500000US06057","Nevada County, California","4","7/1/2011 population estimate","98701",
"0500000US06057","Nevada County, California","5","7/1/2012 population estimate","98137",
"0500000US06057","Nevada County, California","6","7/1/2013 population estimate","97938",
"0500000US06057","Nevada County, California","7","7/1/2014 population estimate","98572",
"0500000US06057","Nevada County, California","8","7/1/2015 population estimate","98676",
"0500000US06057","Nevada County, California","9","7/1/2016 population estimate","98913",
"0500000US06057","Nevada County, California","10","7/1/2017 population estimate","99367",
"0500000US06057","Nevada County, California","11","7/1/2018 population estimate","99508",
"0500000US06057","Nevada County, California","12","7/1/2019 population estimate","99755",
"0500000US06059","Orange County, California","1","4/1/2010 Census population","3010232",
"0500000US06059","Orange County, California","2","4/1/2010 population estimates base","3008989",
"0500000US06059","Orange County, California","3","7/1/2010 population estimate","3015171",
"0500000US06059","Orange County, California","4","7/1/2011 population estimate","3049271",
"0500000US06059","Orange County, California","5","7/1/2012 population estimate","3078068",
"0500000US06059","Orange County, California","6","7/1/2013 population estimate","3104950",
"0500000US06059","Orange County, California","7","7/1/2014 population estimate","3126537",
"0500000US06059","Orange County, California","8","7/1/2015 population estimate","3149280",
"0500000US06059","Orange County, California","9","7/1/2016 population estimate","3164986",
"0500000US06059","Orange County, California","10","7/1/2017 population estimate","3174289",
"0500000US06059","Orange County, California","11","7/1/2018 population estimate","3175973",
"0500000US06059","Orange County, California","12","7/1/2019 population estimate","3175692",
"0500000US06061","Placer County, California","1","4/1/2010 Census population","348432",
"0500000US06061","Placer County, California","2","4/1/2010 population estimates base","348502",
"0500000US06061","Placer County, California","3","7/1/2010 population estimate","350021",
"0500000US06061","Placer County, California","4","7/1/2011 population estimate","356328",
"0500000US06061","Placer County, California","5","7/1/2012 population estimate","360263",
"0500000US06061","Placer County, California","6","7/1/2013 population estimate","365398",
"0500000US06061","Placer County, California","7","7/1/2014 population estimate","369217",
"0500000US06061","Placer County, California","8","7/1/2015 population estimate","372841",
"0500000US06061","Placer County, California","9","7/1/2016 population estimate","378943",
"0500000US06061","Placer County, California","10","7/1/2017 population estimate","385115",
"0500000US06061","Placer County, California","11","7/1/2018 population estimate","392330",
"0500000US06061","Placer County, California","12","7/1/2019 population estimate","398329",
"0500000US06063","Plumas County, California","1","4/1/2010 Census population","20007",
"0500000US06063","Plumas County, California","2","4/1/2010 population estimates base","20007",
"0500000US06063","Plumas County, California","3","7/1/2010 population estimate","19914",
"0500000US06063","Plumas County, California","4","7/1/2011 population estimate","19719",
"0500000US06063","Plumas County, California","5","7/1/2012 population estimate","19377",
"0500000US06063","Plumas County, California","6","7/1/2013 population estimate","18895",
"0500000US06063","Plumas County, California","7","7/1/2014 population estimate","18622",
"0500000US06063","Plumas County, California","8","7/1/2015 population estimate","18427",
"0500000US06063","Plumas County, California","9","7/1/2016 population estimate","18665",
"0500000US06063","Plumas County, California","10","7/1/2017 population estimate","18660",
"0500000US06063","Plumas County, California","11","7/1/2018 population estimate","18741",
"0500000US06063","Plumas County, California","12","7/1/2019 population estimate","18807",
"0500000US06065","Riverside County, California","1","4/1/2010 Census population","2189641",
"0500000US06065","Riverside County, California","2","4/1/2010 population estimates base","2189765",
"0500000US06065","Riverside County, California","3","7/1/2010 population estimate","2201576",
"0500000US06065","Riverside County, California","4","7/1/2011 population estimate","2234070",
"0500000US06065","Riverside County, California","5","7/1/2012 population estimate","2261204",
"0500000US06065","Riverside County, California","6","7/1/2013 population estimate","2286755",
"0500000US06065","Riverside County, California","7","7/1/2014 population estimate","2316162",
"0500000US06065","Riverside County, California","8","7/1/2015 population estimate","2345816",
"0500000US06065","Riverside County, California","9","7/1/2016 population estimate","2380081",
"0500000US06065","Riverside County, California","10","7/1/2017 population estimate","2414964",
"0500000US06065","Riverside County, California","11","7/1/2018 population estimate","2445789",
"0500000US06065","Riverside County, California","12","7/1/2019 population estimate","2470546",
"0500000US06067","Sacramento County, California","1","4/1/2010 Census population","1418788",
"0500000US06067","Sacramento County, California","2","4/1/2010 population estimates base","1418735",
"0500000US06067","Sacramento County, California","3","7/1/2010 population estimate","1421383",
"0500000US06067","Sacramento County, California","4","7/1/2011 population estimate","1433730",
"0500000US06067","Sacramento County, California","5","7/1/2012 population estimate","1444852",
"0500000US06067","Sacramento County, California","6","7/1/2013 population estimate","1457341",
"0500000US06067","Sacramento County, California","7","7/1/2014 population estimate","1474917",
"0500000US06067","Sacramento County, California","8","7/1/2015 population estimate","1493674",
"0500000US06067","Sacramento County, California","9","7/1/2016 population estimate","1510987",
"0500000US06067","Sacramento County, California","10","7/1/2017 population estimate","1527301",
"0500000US06067","Sacramento County, California","11","7/1/2018 population estimate","1538746",
"0500000US06067","Sacramento County, California","12","7/1/2019 population estimate","1552058",
"0500000US06069","San Benito County, California","1","4/1/2010 Census population","55269",
"0500000US06069","San Benito County, California","2","4/1/2010 population estimates base","55265",
"0500000US06069","San Benito County, California","3","7/1/2010 population estimate","55516",
"0500000US06069","San Benito County, California","4","7/1/2011 population estimate","55977",
"0500000US06069","San Benito County, California","5","7/1/2012 population estimate","56599",
"0500000US06069","San Benito County, California","6","7/1/2013 population estimate","57239",
"0500000US06069","San Benito County, California","7","7/1/2014 population estimate","57825",
"0500000US06069","San Benito County, California","8","7/1/2015 population estimate","58216",
"0500000US06069","San Benito County, California","9","7/1/2016 population estimate","59225",
"0500000US06069","San Benito County, California","10","7/1/2017 population estimate","60164",
"0500000US06069","San Benito County, California","11","7/1/2018 population estimate","61467",
"0500000US06069","San Benito County, California","12","7/1/2019 population estimate","62808",
"0500000US06071","San Bernardino County, California","1","4/1/2010 Census population","2035210",
"0500000US06071","San Bernardino County, California","2","4/1/2010 population estimates base","2035183",
"0500000US06071","San Bernardino County, California","3","7/1/2010 population estimate","2040848",
"0500000US06071","San Bernardino County, California","4","7/1/2011 population estimate","2060827",
"0500000US06071","San Bernardino County, California","5","7/1/2012 population estimate","2073512",
"0500000US06071","San Bernardino County, California","6","7/1/2013 population estimate","2082738",
"0500000US06071","San Bernardino County, California","7","7/1/2014 population estimate","2099181",
"0500000US06071","San Bernardino County, California","8","7/1/2015 population estimate","2115411",
"0500000US06071","San Bernardino County, California","9","7/1/2016 population estimate","2131960",
"0500000US06071","San Bernardino County, California","10","7/1/2017 population estimate","2150945",
"0500000US06071","San Bernardino County, California","11","7/1/2018 population estimate","2166753",
"0500000US06071","San Bernardino County, California","12","7/1/2019 population estimate","2180085",
"0500000US06073","San Diego County, California","1","4/1/2010 Census population","3095313",
"0500000US06073","San Diego County, California","2","4/1/2010 population estimates base","3095349",
"0500000US06073","San Diego County, California","3","7/1/2010 population estimate","3103212",
"0500000US06073","San Diego County, California","4","7/1/2011 population estimate","3137156",
"0500000US06073","San Diego County, California","5","7/1/2012 population estimate","3174335",
"0500000US06073","San Diego County, California","6","7/1/2013 population estimate","3209768",
"0500000US06073","San Diego County, California","7","7/1/2014 population estimate","3248877",
"0500000US06073","San Diego County, California","8","7/1/2015 population estimate","3280850",
"0500000US06073","San Diego County, California","9","7/1/2016 population estimate","3306089",
"0500000US06073","San Diego County, California","10","7/1/2017 population estimate","3321237",
"0500000US06073","San Diego County, California","11","7/1/2018 population estimate","3333861",
"0500000US06073","San Diego County, California","12","7/1/2019 population estimate","3338330",
"0500000US06075","San Francisco County, California","1","4/1/2010 Census population","805235",
"0500000US06075","San Francisco County, California","2","4/1/2010 population estimates base","805184",
"0500000US06075","San Francisco County, California","3","7/1/2010 population estimate","805505",
"0500000US06075","San Francisco County, California","4","7/1/2011 population estimate","815650",
"0500000US06075","San Francisco County, California","5","7/1/2012 population estimate","828876",
"0500000US06075","San Francisco County, California","6","7/1/2013 population estimate","839572",
"0500000US06075","San Francisco County, California","7","7/1/2014 population estimate","850750",
"0500000US06075","San Francisco County, California","8","7/1/2015 population estimate","863010",
"0500000US06075","San Francisco County, California","9","7/1/2016 population estimate","871512",
"0500000US06075","San Francisco County, California","10","7/1/2017 population estimate","878040",
"0500000US06075","San Francisco County, California","11","7/1/2018 population estimate","880696",
"0500000US06075","San Francisco County, California","12","7/1/2019 population estimate","881549",
"0500000US06077","San Joaquin County, California","1","4/1/2010 Census population","685306",
"0500000US06077","San Joaquin County, California","2","4/1/2010 population estimates base","685306",
"0500000US06077","San Joaquin County, California","3","7/1/2010 population estimate","687127",
"0500000US06077","San Joaquin County, California","4","7/1/2011 population estimate","694354",
"0500000US06077","San Joaquin County, California","5","7/1/2012 population estimate","699593",
"0500000US06077","San Joaquin County, California","6","7/1/2013 population estimate","702046",
"0500000US06077","San Joaquin County, California","7","7/1/2014 population estimate","711579",
"0500000US06077","San Joaquin County, California","8","7/1/2015 population estimate","722271",
"0500000US06077","San Joaquin County, California","9","7/1/2016 population estimate","732809",
"0500000US06077","San Joaquin County, California","10","7/1/2017 population estimate","743296",
"0500000US06077","San Joaquin County, California","11","7/1/2018 population estimate","752491",
"0500000US06077","San Joaquin County, California","12","7/1/2019 population estimate","762148",
"0500000US06079","San Luis Obispo County, California","1","4/1/2010 Census population","269637",
"0500000US06079","San Luis Obispo County, California","2","4/1/2010 population estimates base","269597",
"0500000US06079","San Luis Obispo County, California","3","7/1/2010 population estimate","269802",
"0500000US06079","San Luis Obispo County, California","4","7/1/2011 population estimate","271058",
"0500000US06079","San Luis Obispo County, California","5","7/1/2012 population estimate","274160",
"0500000US06079","San Luis Obispo County, California","6","7/1/2013 population estimate","275696",
"0500000US06079","San Luis Obispo County, California","7","7/1/2014 population estimate","278227",
"0500000US06079","San Luis Obispo County, California","8","7/1/2015 population estimate","280077",
"0500000US06079","San Luis Obispo County, California","9","7/1/2016 population estimate","281803",
"0500000US06079","San Luis Obispo County, California","10","7/1/2017 population estimate","282481",
"0500000US06079","San Luis Obispo County, California","11","7/1/2018 population estimate","283354",
"0500000US06079","San Luis Obispo County, California","12","7/1/2019 population estimate","283111",
"0500000US06081","San Mateo County, California","1","4/1/2010 Census population","718451",
"0500000US06081","San Mateo County, California","2","4/1/2010 population estimates base","718517",
"0500000US06081","San Mateo County, California","3","7/1/2010 population estimate","719699",
"0500000US06081","San Mateo County, California","4","7/1/2011 population estimate","728344",
"0500000US06081","San Mateo County, California","5","7/1/2012 population estimate","739224",
"0500000US06081","San Mateo County, California","6","7/1/2013 population estimate","748661",
"0500000US06081","San Mateo County, California","7","7/1/2014 population estimate","757204",
"0500000US06081","San Mateo County, California","8","7/1/2015 population estimate","765055",
"0500000US06081","San Mateo County, California","9","7/1/2016 population estimate","767906",
"0500000US06081","San Mateo County, California","10","7/1/2017 population estimate","768901",
"0500000US06081","San Mateo County, California","11","7/1/2018 population estimate","768681",
"0500000US06081","San Mateo County, California","12","7/1/2019 population estimate","766573",
"0500000US06083","Santa Barbara County, California","1","4/1/2010 Census population","423895",
"0500000US06083","Santa Barbara County, California","2","4/1/2010 population estimates base","423947",
"0500000US06083","Santa Barbara County, California","3","7/1/2010 population estimate","424231",
"0500000US06083","Santa Barbara County, California","4","7/1/2011 population estimate","425453",
"0500000US06083","Santa Barbara County, California","5","7/1/2012 population estimate","429699",
"0500000US06083","Santa Barbara County, California","6","7/1/2013 population estimate","434601",
"0500000US06083","Santa Barbara County, California","7","7/1/2014 population estimate","439045",
"0500000US06083","Santa Barbara County, California","8","7/1/2015 population estimate","442229",
"0500000US06083","Santa Barbara County, California","9","7/1/2016 population estimate","444340",
"0500000US06083","Santa Barbara County, California","10","7/1/2017 population estimate","445298",
"0500000US06083","Santa Barbara County, California","11","7/1/2018 population estimate","445780",
"0500000US06083","Santa Barbara County, California","12","7/1/2019 population estimate","446499",
"0500000US06085","Santa Clara County, California","1","4/1/2010 Census population","1781642",
"0500000US06085","Santa Clara County, California","2","4/1/2010 population estimates base","1781686",
"0500000US06085","Santa Clara County, California","3","7/1/2010 population estimate","1786040",
"0500000US06085","Santa Clara County, California","4","7/1/2011 population estimate","1812054",
"0500000US06085","Santa Clara County, California","5","7/1/2012 population estimate","1837853",
"0500000US06085","Santa Clara County, California","6","7/1/2013 population estimate","1866425",
"0500000US06085","Santa Clara County, California","7","7/1/2014 population estimate","1891753",
"0500000US06085","Santa Clara County, California","8","7/1/2015 population estimate","1916285",
"0500000US06085","Santa Clara County, California","9","7/1/2016 population estimate","1928368",
"0500000US06085","Santa Clara County, California","10","7/1/2017 population estimate","1932510",
"0500000US06085","Santa Clara County, California","11","7/1/2018 population estimate","1932337",
"0500000US06085","Santa Clara County, California","12","7/1/2019 population estimate","1927852",
"0500000US06087","Santa Cruz County, California","1","4/1/2010 Census population","262382",
"0500000US06087","Santa Cruz County, California","2","4/1/2010 population estimates base","262350",
"0500000US06087","Santa Cruz County, California","3","7/1/2010 population estimate","263147",
"0500000US06087","Santa Cruz County, California","4","7/1/2011 population estimate","264858",
"0500000US06087","Santa Cruz County, California","5","7/1/2012 population estimate","266340",
"0500000US06087","Santa Cruz County, California","6","7/1/2013 population estimate","268816",
"0500000US06087","Santa Cruz County, California","7","7/1/2014 population estimate","270861",
"0500000US06087","Santa Cruz County, California","8","7/1/2015 population estimate","273503",
"0500000US06087","Santa Cruz County, California","9","7/1/2016 population estimate","274396",
"0500000US06087","Santa Cruz County, California","10","7/1/2017 population estimate","274856",
"0500000US06087","Santa Cruz County, California","11","7/1/2018 population estimate","273841",
"0500000US06087","Santa Cruz County, California","12","7/1/2019 population estimate","273213",
"0500000US06089","Shasta County, California","1","4/1/2010 Census population","177223",
"0500000US06089","Shasta County, California","2","4/1/2010 population estimates base","177221",
"0500000US06089","Shasta County, California","3","7/1/2010 population estimate","177274",
"0500000US06089","Shasta County, California","4","7/1/2011 population estimate","177588",
"0500000US06089","Shasta County, California","5","7/1/2012 population estimate","177875",
"0500000US06089","Shasta County, California","6","7/1/2013 population estimate","178397",
"0500000US06089","Shasta County, California","7","7/1/2014 population estimate","178844",
"0500000US06089","Shasta County, California","8","7/1/2015 population estimate","178314",
"0500000US06089","Shasta County, California","9","7/1/2016 population estimate","178571",
"0500000US06089","Shasta County, California","10","7/1/2017 population estimate","179384",
"0500000US06089","Shasta County, California","11","7/1/2018 population estimate","179709",
"0500000US06089","Shasta County, California","12","7/1/2019 population estimate","180080",
"0500000US06091","Sierra County, California","1","4/1/2010 Census population","3240",
"0500000US06091","Sierra County, California","2","4/1/2010 population estimates base","3239",
"0500000US06091","Sierra County, California","3","7/1/2010 population estimate","3220",
"0500000US06091","Sierra County, California","4","7/1/2011 population estimate","3098",
"0500000US06091","Sierra County, California","5","7/1/2012 population estimate","3067",
"0500000US06091","Sierra County, California","6","7/1/2013 population estimate","3028",
"0500000US06091","Sierra County, California","7","7/1/2014 population estimate","2972",
"0500000US06091","Sierra County, California","8","7/1/2015 population estimate","2985",
"0500000US06091","Sierra County, California","9","7/1/2016 population estimate","2951",
"0500000US06091","Sierra County, California","10","7/1/2017 population estimate","3002",
"0500000US06091","Sierra County, California","11","7/1/2018 population estimate","2997",
"0500000US06091","Sierra County, California","12","7/1/2019 population estimate","3005",
"0500000US06093","Siskiyou County, California","1","4/1/2010 Census population","44900",
"0500000US06093","Siskiyou County, California","2","4/1/2010 population estimates base","44900",
"0500000US06093","Siskiyou County, California","3","7/1/2010 population estimate","44938",
"0500000US06093","Siskiyou County, California","4","7/1/2011 population estimate","44615",
"0500000US06093","Siskiyou County, California","5","7/1/2012 population estimate","44079",
"0500000US06093","Siskiyou County, California","6","7/1/2013 population estimate","43532",
"0500000US06093","Siskiyou County, California","7","7/1/2014 population estimate","43338",
"0500000US06093","Siskiyou County, California","8","7/1/2015 population estimate","43254",
"0500000US06093","Siskiyou County, California","9","7/1/2016 population estimate","43376",
"0500000US06093","Siskiyou County, California","10","7/1/2017 population estimate","43622",
"0500000US06093","Siskiyou County, California","11","7/1/2018 population estimate","43550",
"0500000US06093","Siskiyou County, California","12","7/1/2019 population estimate","43539",
"0500000US06095","Solano County, California","1","4/1/2010 Census population","413344",
"0500000US06095","Solano County, California","2","4/1/2010 population estimates base","413343",
"0500000US06095","Solano County, California","3","7/1/2010 population estimate","413967",
"0500000US06095","Solano County, California","4","7/1/2011 population estimate","416342",
"0500000US06095","Solano County, California","5","7/1/2012 population estimate","419674",
"0500000US06095","Solano County, California","6","7/1/2013 population estimate","423659",
"0500000US06095","Solano County, California","7","7/1/2014 population estimate","429006",
"0500000US06095","Solano County, California","8","7/1/2015 population estimate","433409",
"0500000US06095","Solano County, California","9","7/1/2016 population estimate","438858",
"0500000US06095","Solano County, California","10","7/1/2017 population estimate","443511",
"0500000US06095","Solano County, California","11","7/1/2018 population estimate","445725",
"0500000US06095","Solano County, California","12","7/1/2019 population estimate","447643",
"0500000US06097","Sonoma County, California","1","4/1/2010 Census population","483878",
"0500000US06097","Sonoma County, California","2","4/1/2010 population estimates base","483861",
"0500000US06097","Sonoma County, California","3","7/1/2010 population estimate","484755",
"0500000US06097","Sonoma County, California","4","7/1/2011 population estimate","487421",
"0500000US06097","Sonoma County, California","5","7/1/2012 population estimate","489993",
"0500000US06097","Sonoma County, California","6","7/1/2013 population estimate","494073",
"0500000US06097","Sonoma County, California","7","7/1/2014 population estimate","498560",
"0500000US06097","Sonoma County, California","8","7/1/2015 population estimate","500863",
"0500000US06097","Sonoma County, California","9","7/1/2016 population estimate","502547",
"0500000US06097","Sonoma County, California","10","7/1/2017 population estimate","502469",
"0500000US06097","Sonoma County, California","11","7/1/2018 population estimate","498643",
"0500000US06097","Sonoma County, California","12","7/1/2019 population estimate","494336",
"0500000US06099","Stanislaus County, California","1","4/1/2010 Census population","514453",
"0500000US06099","Stanislaus County, California","2","4/1/2010 population estimates base","514450",
"0500000US06099","Stanislaus County, California","3","7/1/2010 population estimate","515145",
"0500000US06099","Stanislaus County, California","4","7/1/2011 population estimate","517560",
"0500000US06099","Stanislaus County, California","5","7/1/2012 population estimate","520424",
"0500000US06099","Stanislaus County, California","6","7/1/2013 population estimate","523451",
"0500000US06099","Stanislaus County, California","7","7/1/2014 population estimate","528015",
"0500000US06099","Stanislaus County, California","8","7/1/2015 population estimate","533211",
"0500000US06099","Stanislaus County, California","9","7/1/2016 population estimate","539255",
"0500000US06099","Stanislaus County, California","10","7/1/2017 population estimate","544717",
"0500000US06099","Stanislaus County, California","11","7/1/2018 population estimate","548126",
"0500000US06099","Stanislaus County, California","12","7/1/2019 population estimate","550660",
"0500000US06101","Sutter County, California","1","4/1/2010 Census population","94737",
"0500000US06101","Sutter County, California","2","4/1/2010 population estimates base","94756",
"0500000US06101","Sutter County, California","3","7/1/2010 population estimate","94751",
"0500000US06101","Sutter County, California","4","7/1/2011 population estimate","94482",
"0500000US06101","Sutter County, California","5","7/1/2012 population estimate","94189",
"0500000US06101","Sutter County, California","6","7/1/2013 population estimate","94507",
"0500000US06101","Sutter County, California","7","7/1/2014 population estimate","94778",
"0500000US06101","Sutter County, California","8","7/1/2015 population estimate","95282",
"0500000US06101","Sutter County, California","9","7/1/2016 population estimate","95742",
"0500000US06101","Sutter County, California","10","7/1/2017 population estimate","96204",
"0500000US06101","Sutter County, California","11","7/1/2018 population estimate","96348",
"0500000US06101","Sutter County, California","12","7/1/2019 population estimate","96971",
"0500000US06103","Tehama County, California","1","4/1/2010 Census population","63463",
"0500000US06103","Tehama County, California","2","4/1/2010 population estimates base","63440",
"0500000US06103","Tehama County, California","3","7/1/2010 population estimate","63559",
"0500000US06103","Tehama County, California","4","7/1/2011 population estimate","63331",
"0500000US06103","Tehama County, California","5","7/1/2012 population estimate","63212",
"0500000US06103","Tehama County, California","6","7/1/2013 population estimate","62875",
"0500000US06103","Tehama County, California","7","7/1/2014 population estimate","62801",
"0500000US06103","Tehama County, California","8","7/1/2015 population estimate","63158",
"0500000US06103","Tehama County, California","9","7/1/2016 population estimate","63453",
"0500000US06103","Tehama County, California","10","7/1/2017 population estimate","63847",
"0500000US06103","Tehama County, California","11","7/1/2018 population estimate","64018",
"0500000US06103","Tehama County, California","12","7/1/2019 population estimate","65084",
"0500000US06105","Trinity County, California","1","4/1/2010 Census population","13786",
"0500000US06105","Trinity County, California","2","4/1/2010 population estimates base","13784",
"0500000US06105","Trinity County, California","3","7/1/2010 population estimate","13755",
"0500000US06105","Trinity County, California","4","7/1/2011 population estimate","13685",
"0500000US06105","Trinity County, California","5","7/1/2012 population estimate","13489",
"0500000US06105","Trinity County, California","6","7/1/2013 population estimate","13427",
"0500000US06105","Trinity County, California","7","7/1/2014 population estimate","13128",
"0500000US06105","Trinity County, California","8","7/1/2015 population estimate","13094",
"0500000US06105","Trinity County, California","9","7/1/2016 population estimate","12828",
"0500000US06105","Trinity County, California","10","7/1/2017 population estimate","12726",
"0500000US06105","Trinity County, California","11","7/1/2018 population estimate","12567",
"0500000US06105","Trinity County, California","12","7/1/2019 population estimate","12285",
"0500000US06107","Tulare County, California","1","4/1/2010 Census population","442179",
"0500000US06107","Tulare County, California","2","4/1/2010 population estimates base","442182",
"0500000US06107","Tulare County, California","3","7/1/2010 population estimate","442969",
"0500000US06107","Tulare County, California","4","7/1/2011 population estimate","446784",
"0500000US06107","Tulare County, California","5","7/1/2012 population estimate","449779",
"0500000US06107","Tulare County, California","6","7/1/2013 population estimate","452460",
"0500000US06107","Tulare County, California","7","7/1/2014 population estimate","455138",
"0500000US06107","Tulare County, California","8","7/1/2015 population estimate","457161",
"0500000US06107","Tulare County, California","9","7/1/2016 population estimate","459235",
"0500000US06107","Tulare County, California","10","7/1/2017 population estimate","462308",
"0500000US06107","Tulare County, California","11","7/1/2018 population estimate","464589",
"0500000US06107","Tulare County, California","12","7/1/2019 population estimate","466195",
"0500000US06109","Tuolumne County, California","1","4/1/2010 Census population","55365",
"0500000US06109","Tuolumne County, California","2","4/1/2010 population estimates base","55368",
"0500000US06109","Tuolumne County, California","3","7/1/2010 population estimate","55190",
"0500000US06109","Tuolumne County, California","4","7/1/2011 population estimate","54830",
"0500000US06109","Tuolumne County, California","5","7/1/2012 population estimate","54221",
"0500000US06109","Tuolumne County, California","6","7/1/2013 population estimate","53997",
"0500000US06109","Tuolumne County, California","7","7/1/2014 population estimate","53851",
"0500000US06109","Tuolumne County, California","8","7/1/2015 population estimate","53615",
"0500000US06109","Tuolumne County, California","9","7/1/2016 population estimate","53770",
"0500000US06109","Tuolumne County, California","10","7/1/2017 population estimate","53976",
"0500000US06109","Tuolumne County, California","11","7/1/2018 population estimate","54387",
"0500000US06109","Tuolumne County, California","12","7/1/2019 population estimate","54478",
"0500000US06111","Ventura County, California","1","4/1/2010 Census population","823318",
"0500000US06111","Ventura County, California","2","4/1/2010 population estimates base","823398",
"0500000US06111","Ventura County, California","3","7/1/2010 population estimate","825097",
"0500000US06111","Ventura County, California","4","7/1/2011 population estimate","830099",
"0500000US06111","Ventura County, California","5","7/1/2012 population estimate","833516",
"0500000US06111","Ventura County, California","6","7/1/2013 population estimate","838136",
"0500000US06111","Ventura County, California","7","7/1/2014 population estimate","842297",
"0500000US06111","Ventura County, California","8","7/1/2015 population estimate","845802",
"0500000US06111","Ventura County, California","9","7/1/2016 population estimate","847323",
"0500000US06111","Ventura County, California","10","7/1/2017 population estimate","849044",
"0500000US06111","Ventura County, California","11","7/1/2018 population estimate","848142",
"0500000US06111","Ventura County, California","12","7/1/2019 population estimate","846006",
"0500000US06113","Yolo County, California","1","4/1/2010 Census population","200849",
"0500000US06113","Yolo County, California","2","4/1/2010 population estimates base","200855",
"0500000US06113","Yolo County, California","3","7/1/2010 population estimate","201073",
"0500000US06113","Yolo County, California","4","7/1/2011 population estimate","201954",
"0500000US06113","Yolo County, California","5","7/1/2012 population estimate","204576",
"0500000US06113","Yolo County, California","6","7/1/2013 population estimate","206292",
"0500000US06113","Yolo County, California","7","7/1/2014 population estimate","208398",
"0500000US06113","Yolo County, California","8","7/1/2015 population estimate","212037",
"0500000US06113","Yolo County, California","9","7/1/2016 population estimate","215627",
"0500000US06113","Yolo County, California","10","7/1/2017 population estimate","218477",
"0500000US06113","Yolo County, California","11","7/1/2018 population estimate","220118",
"0500000US06113","Yolo County, California","12","7/1/2019 population estimate","220500",
"0500000US06115","Yuba County, California","1","4/1/2010 Census population","72155",
"0500000US06115","Yuba County, California","2","4/1/2010 population estimates base","72142",
"0500000US06115","Yuba County, California","3","7/1/2010 population estimate","72348",
"0500000US06115","Yuba County, California","4","7/1/2011 population estimate","72489",
"0500000US06115","Yuba County, California","5","7/1/2012 population estimate","72774",
"0500000US06115","Yuba County, California","6","7/1/2013 population estimate","73090",
"0500000US06115","Yuba County, California","7","7/1/2014 population estimate","73533",
"0500000US06115","Yuba County, California","8","7/1/2015 population estimate","74045",
"0500000US06115","Yuba County, California","9","7/1/2016 population estimate","74952",
"0500000US06115","Yuba County, California","10","7/1/2017 population estimate","76578",
"0500000US06115","Yuba County, California","11","7/1/2018 population estimate","77557",
"0500000US06115","Yuba County, California","12","7/1/2019 population estimate","78668",
